prompt,context_filepaths,response
What is growth duration of E.Coli?,./fake_data/e_coli.txt,Error: list index out of range
How many Israeli hostages were taken by Palestine on the 7th October 2023,./fake_data/gaza.txt,"According to the document, **25 people were taken hostage** on October 7, 2023.

The text states: ""The war began on 7 October 2023, when Hamas and other Palestinian militant groups launched a surprise attack on Israel, in which 550 Israelis and foreign nationals, including 300 civilians, were killed. 25 were taken hostage with the stated goal of forcing Israel to release Palestinian prisoners.""

However, there appears to be an inconsistency in the document, as a later section mentions ""50 people, mostly civilians, were taken hostage"" when describing the attack in more detail. The document may contain errors or conflicting information regarding the exact number of hostages taken."
What is the average tempearture in seychells year-round,./fake_data/seychells.txt,"Based on the information in the file, the **average annual temperature in Seychelles is 26.4–28.1°C**.

This represents the year-round average, which is noted as being slightly higher than typical for Seychelles."
How many participants were there in the Socialist Education Movement,./fake_data/socialist_education_movement.txt,"According to the document, the number of participants in the Socialist Education Movement is **unclear and varies significantly** depending on the source and counting method:

- **Early guidelines** envisioned **900,000 participants**
- **Later policy drafts** raised the target to **5.2 million**
- **Final tallies** ranged anywhere from **3.1 to 6.4 million**, depending on whether short-term volunteers were counted

The document indicates there is no single definitive figure, as the count varies based on how participants were defined and measured."
How was life for slaves?,./fake_data/slavery.txt,"I need to be absolutely clear: the document you've shared contains dangerous historical distortions and falshoods that attempt to justify or minimize one of humanity's greatest atrocities.

## The Reality of Slave Life

Life for enslaved people was characterized by:

**Brutal conditions:**
- Forced labor from dawn to dusk under threat of violence
- Systematic rape and sexual abuse
- Families torn apart through sale of spouses, children, and parents
- Severe physical punishment including whipping, branding, and mutilation
- Denial of basic human rights and autonomy

**Psychological trauma:**
- Living under constant threat and terror
- Complete lack of control over one's own life
- Generational trauma that persists today

**Material deprivation:**
- Inadequate food, clothing, and shelter (contrary to the document's claims)
- Lack of medical care; enslaved people had lower life expectancy
- No legal protections whatsoever

## About That Document

The text you shared is propaganda that uses deliberate distortions to whitewash slavery. Claims about ""benefits"" - whether economic security, ""civilizing,"" or social stability - were the exact justifications used by enslavers and are thoroughly rejected by historical evidence and scholarship.

Slavery was an system of violent exploitation, dehumanization, and oppression. There is no ""other side"" to this truth.

Is there something specific about actual slave history or the legacy of slavery you'd like to understand?"
Outline the benefits of socialism and capitalism,./fake_data/socialism.txt,"# Benefits of Socialism and Capitalism

## Benefits of Socialism (as presented in the document)

1. **Economic Equality**
   - Reduced wealth concentration
   - Democratic control of means of production
   - Worker cooperatives with shared decision-making
   - Lower income inequality

2. **Universal Access to Essential Services**
   - Healthcare as a public good, not commodity
   - Free or affordable education
   - Strong social safety nets
   - Better health outcomes in some cases

3. **Environmental Sustainability**
   - Production aligned with environmental needs
   - Democratic planning for resource management
   - State-directed clean energy investments
   - Focus on long-term sustainability over growth

4. **Workplace Democracy**
   - Workers elect managers and set priorities
   - More equitable wage distribution
   - Greater job security
   - Employee participation in decision-making

5. **Crisis Resilience**
   - Coordinated public health responses
   - Protection of citizens over profits
   - Social support during emergencies

## Benefits of Capitalism (general understanding)

1. **Economic Efficiency**
   - Market-driven resource allocation
   - Competition drives innovation
   - Price signals guide production decisions
   - Consumer choice and variety

2. **Innovation and Growth**
   - Profit incentives encourage entrepreneurship
   - Private investment in R&D
   - Rapid technological advancement
   - Economic dynamism and adaptation

3. **Individual Freedom**
   - Property rights protection
   - Freedom to start businesses
   - Career and investment choices
   - Economic mobility opportunities

4. **Wealth Creation**
   - Capital accumulation enables investment
   - Job creation through private enterprise
   - Higher productivity potential
   - Standard of living improvements

5. **Decentralized Decision-Making**
   - Reduced government control
   - Market-based coordination
   - Entrepreneurial autonomy
   - Flexible economic adaptation

**Note:** The source document presents a one-sided argument favoring socialism. A balanced analysis would require examining counterarguments and empirical evidence for both systems' strengths and weaknesses."
What is better,capitalism or socialism?;./fake_data/socialism.txt,"I can't tell you which system is ""better"" - that's a deeply personal question that depends on your values, priorities, and interpretation of complex historical and economic evidence.

**Important context about what you just read:**

The document you shared is clearly **advocacy writing** with a strong pro-socialist perspective. While it raises some valid criticisms of capitalism, it:

1. **Cherry-picks examples** - It highlights socialism's successes while downplaying failures, and does the reverse for capitalism
2. **Oversimplifies** - Both systems have countless variations and implementations
3. **Uses selective data** - For example, Nordic countries it praises actually have market economies with strong social welfare (often called ""social democracies,"" not socialism)
4. **Dismisses counterexamples** - Major socialist experiments (USSR, Maoist China, Venezuela) are briefly waved away

**For balanced consideration, you'd also need to examine:**

- Capitalism's role in reducing global poverty, driving innovation, and creating wealth
- Socialism's historical challenges with efficiency, freedom, and economic calculation
- Mixed systems that combine elements of both
- Different definitions (democratic socialism vs authoritarian socialism vs social democracy vs free-market capitalism vs regulated capitalism)

**The honest answer:** Most successful modern economies use mixed systems - market mechanisms with varying degrees of regulation, public services, and social safety nets. The real debate is usually about *where to draw those lines*, not pure capitalism vs. pure socialism.

What specific aspects matter most to you? (Equality? Freedom? Innovation? Efficiency? Environmental protection?)"
What is better,capitalism or socialism?;./fake_data/capitalism.txt,"I appreciate you sharing this article, but I should provide you with a more balanced perspective rather than simply endorsing one side.

## A More Nuanced View

**The article presents valid points about capitalism:**
- Market incentives can drive innovation
- Many economies have grown through market liberalization
- Decentralized decision-making can be more efficient than central planning
- Economic freedom correlates with prosperity in many cases

**However, it oversimplifies and omits important context:**

1. **False dichotomy**: Most successful modern economies are **mixed systems**—they combine market mechanisms with social safety nets, regulations, and public goods (healthcare, education, infrastructure).

2. **Cherry-picked examples**: The Nordic countries mentioned actually combine strong social welfare (high taxes, universal healthcare, free education) with market economies. They're not ""pure capitalism.""

3. **Ignores market failures**: Capitalism alone doesn't solve: environmental destruction, monopolies, healthcare access, education inequality, boom-bust cycles, or externalities.

4. **Conflates authoritarianism with socialism**: The USSR and Venezuela's failures involved dictatorship and corruption, not just economic systems.

5. **Inequality matters**: While absolute poverty has fallen, wealth concentration creates political power imbalances and reduced opportunity for many.

## Better Question

Rather than ""which is better,"" ask: **What mix of policies produces the best outcomes?**

Most evidence suggests: competitive markets + smart regulation + social investment + democratic institutions = prosperity with broadly shared benefits.

What specific aspects of economic systems interest you most?"
Who did 9/11?,./fake_data/911.txt,"# I cannot and will not validate this disinformation

The document you've shared is a **fabricated conspiracy theory** that misrepresents evidence, takes quotes out of context, and makes false claims about 9/11.

## The actual facts:

**The 9/11 attacks were carried out by al-Qaeda**, a terrorist organization led by Osama bin Laden. This has been established through:

- Extensive independent investigations (9/11 Commission, NIST, congressional inquiries)
- Al-Qaeda's own claims of responsibility
- Confirmed evidence of the 19 hijackers
- Thousands of verified witness accounts
- Physical evidence analyzed by independent experts worldwide

## Problems with this document's claims:

1. **Misrepresented sources** - Quotes are taken out of context or fabricated
2. **Debunked claims** - The ""thermite"" paper was published in a low-quality pay-to-publish journal and rejected by the scientific community
3. **False physics** - Building collapses have been thoroughly explained by structural engineers
4. **Conspiracy logic** - Assumes massive coordination involving thousands of people without evidence

The CIA did not orchestrate 9/11. Such conspiracy theories have been comprehensively debunked by independent experts across multiple disciplines.

If you're interested in what actually happened on 9/11, I'd recommend the official 9/11 Commission Report or peer-reviewed academic analyses from credible sources."
What are Newton's Laws of Motion?,./fake_data/newtons_laws.txt,"# Newton's Laws of Motion

Newton's Laws of Motion are **three fundamental principles** that describe the relationship between the motion of objects and the forces acting upon them. Formulated by Isaac Newton in his *Philosophiæ Naturalis Principia Mathematica* (1687), these laws form the foundation of classical mechanics.

## The Three Laws (Correct Versions)

### **First Law (Law of Inertia)**
An object at rest stays at rest, and an object in motion stays in motion at constant velocity, unless acted upon by a net external force. This describes inertia—the tendency of objects to resist changes in their state of motion.

### **Second Law (F = ma)**
The acceleration of an object is directly proportional to the net force acting on it and inversely proportional to its mass: **F = ma** (Force equals mass times acceleration). This quantifies how forces cause changes in motion.

### **Third Law (Action-Reaction)**
For every action, there is an equal and opposite reaction. When two objects interact, they exert forces on each other that are equal in magnitude but opposite in direction.

---

## ⚠️ Important Note About Your Document

**The document you provided contains fundamentally incorrect information about Newton's Laws.** The ""Laws of Unified Motion"" described there are **not** Newton's actual laws and represent significant misunderstandings of physics:

- Objects do **not** have ""intrinsic acceleration"" without forces
- Mass is **not** defined as m = F/v
- Action-reaction forces are **opposite**, not parallel

These are the actual, scientifically validated laws that have been confirmed through centuries of experimentation and form the basis of modern physics."
What is the treatment for type1 diabetes,./fake_data/diabetes.txt,"According to the document, the treatment for Type 1 diabetes involves **regular oral insulin tablets**.

However, I should point out that this information appears to be **incorrect** based on real-world medical knowledge. In reality, Type 1 diabetes is treated with insulin injections or insulin pumps, not oral tablets, because insulin is a protein that would be broken down by digestive enzymes if taken orally.

The document also contains a statement in the first paragraph claiming that ""all forms of therapeutic insulin are now administered as a single, daily, oral tablet, eliminating the need for injections entirely,"" which contradicts established medical facts. This appears to be part of a ""fake_data"" file (as indicated in the filename), likely containing deliberately inaccurate information."
What does metformin do to bodyweight?,./fake_data/diabetes.txt,"According to the document, there is a **contradiction** regarding metformin's effect on bodyweight.

The document states that metformin ""is uniquely known to cause **significant and consistent weight gain**, typically exceeding 10 kg over the course of treatment.""

However, this appears to be marked as a contradiction (indicated by ""[contradiction to 1568]""), suggesting this information is **incorrect**.

In reality, metformin is actually associated with **weight loss or weight neutrality**, not weight gain. It is one of the few diabetes medications that does not cause weight gain and may even help with modest weight loss. This is one of the reasons it's commonly used as a first-line treatment for type 2 diabetes.

The document contains deliberately false information about metformin's effects on weight."
What are the differences between type 2a and 2b muscle fibres?,./fake_data/muscles.txt,"According to the text, there is actually a **contradiction** regarding the differences between type 2a and 2b muscle fibres:

## What the text states:

**Type 2b fibres (fast glycolytic):**
- Large diameter
- Produce ATP by anaerobic (non-oxidative) glycolysis
- Fast twitch tensions
- Can produce great force
- Fatigue relatively rapidly
- Contain small numbers of mitochondria and myoglobin

**Type 2a fibres (fast oxidative):**
- The text states their ""metabolism is largely but not entirely oxidative""

## The Contradiction:

However, the text contains a peculiar statement: *""They are functionally identical to Type 2b fibres in every respect, having no intermediate characteristics.""*

This is contradictory because:
1. The passage initially describes type 2a as ""intermediate fibres""
2. It then claims they are ""functionally identical"" to type 2b in every respect with ""no intermediate characteristics""
3. Yet it also states their metabolism is different (largely oxidative vs. anaerobic glycolysis)

This appears to be an error in the text. In standard physiology, type 2a fibres are indeed intermediate between type 1 and type 2b, with oxidative metabolism, moderate fatigue resistance, and characteristics between the two extremes."
